INSERT INTO Person(id, first_name, last_name, birth_date, pesel) VALUES (1, 'Jan', 'Kowalski', '1980-04-10', 80041007452);
INSERT INTO Person(id, first_name, last_name, birth_date, pesel) VALUES (2, 'Dariusz', 'Nowicki', '1946-02-02', 46020203212);
INSERT INTO Person(id, first_name, last_name, birth_date, pesel) VALUES (3, 'Bożydar', 'Borkowski', '1983-09-13', 83091332232);
INSERT INTO Person(id, first_name, last_name, birth_date, pesel) VALUES (4, 'Włodzimierz', 'Ostrowski', '1963-02-24', 63022420672);
INSERT INTO Person(id, first_name, last_name, birth_date, pesel) VALUES (5, 'Bratumił', 'Szczepański', '1990-10-12', 90112895711);
INSERT INTO Person(id, first_name, last_name, birth_date, pesel) VALUES (6, 'Przemko', 'Zielinski', '1953-02-20', 53022074551);
INSERT INTO Person(id, first_name, last_name, birth_date, pesel) VALUES (7, 'Gustaw', 'Pawłowski', '1987-09-15', 87091524219);
INSERT INTO Person(id, first_name, last_name, birth_date, pesel) VALUES (8, 'Adrianna', 'Kalinowska', '1946-04-22', 46042214643);
INSERT INTO Person(id, first_name, last_name, birth_date, pesel) VALUES (9, 'Michalina', 'Zielinska', '1957-08-11', 57081145401);
INSERT INTO Person(id, first_name, last_name, birth_date, pesel) VALUES (10, 'Beata', 'Sokołowska', '1945-07-17', 45071840807);
INSERT INTO Person(id, first_name, last_name, birth_date, pesel) VALUES (11, 'Władysława', 'Zielinska', '1961-11-13', 61111306841);
INSERT INTO Person(id, first_name, last_name, birth_date, pesel) VALUES (12, 'Wojciech', 'Kowalczyk', '1934-09-06', 34090634696);
INSERT INTO Person(id, first_name, last_name, birth_date, pesel) VALUES (13, 'Stanisława', 'Wojciechowska', '1964-09-11', 64091197384);
INSERT INTO Person(id, first_name, last_name, birth_date, pesel) VALUES (14, 'Czesława', 'Symańska', '1961-02-06', 61020636642);
INSERT INTO Person(id, first_name, last_name, birth_date, pesel) VALUES (15, 'Włodzimierz', 'Nowakowski', '1935-01-09', 35010904376);
INSERT INTO Person(id, first_name, last_name, birth_date, pesel) VALUES (16, 'Przemysł', 'Kozłowski', '1963-10-28', 63102840899);
INSERT INTO Person(id, first_name, last_name, birth_date, pesel) VALUES (17, 'Wacława', 'Wysocka', '1973-03-08', 73030830484);
INSERT INTO Person(id, first_name, last_name, birth_date, pesel) VALUES (18, 'Mirosława', 'Michalska', '1960-05-18', 60051880046);
INSERT INTO Person(id, first_name, last_name, birth_date, pesel) VALUES (19, 'Krzysztof', 'Kalinowski', '1979-09-14', 79091450410);
INSERT INTO Person(id, first_name, last_name, birth_date, pesel) VALUES (20, 'Dominika', 'Ostrowska', '1949-06-16', 49061660400);
INSERT INTO Person(id, first_name, last_name, birth_date, pesel) VALUES (21, 'Lesława', 'Kowalczyk', '1935-12-06', 35120684267);
INSERT INTO Person(id, first_name, last_name, birth_date, pesel) VALUES (22, 'Nikodem', 'Kamiński', '1948-03-30', 48033080273);
INSERT INTO Person(id, first_name, last_name, birth_date, pesel) VALUES (23, 'Wioletta', 'Tomaszewska', '1950-05-05', 70050714103);
INSERT INTO Person(id, first_name, last_name, birth_date, pesel) VALUES (24, 'Franciszek', 'Szymański', '1942-06-24', 42062456614);
INSERT INTO Person(id, first_name, last_name, birth_date, pesel) VALUES (25, 'Świętosław', 'Ostrowski', '1990-12-04', 90120489915);
INSERT INTO Login(id, username, password) VALUES (1, 'kowalski-jan01', '$2a$10$U2qg0GKCKO4YHhRTxW5Q0.lqm04RJN67iP2B/ibp6XmjTR8uKohWm'); -- tajnehaslo12
INSERT INTO Login(id, username, password) VALUES (2, 'nowicki-dariusz01', '$2a$10$SyHle6LGE0t.sIalLyyqseZMw1hLstDeZie/DRGbGRa4MdEK3qwze'); -- password321
INSERT INTO Login(id, username, password) VALUES (3, 'borkowski-bozydar01', '$2a$10$GjCIRIX6ZlFj6WTEus3fN.lqYeBj/PgxtoZi.eGhXrJ2xTLVP2O3y'); -- klawiatura43
INSERT INTO Login(id, username, password) VALUES (4, 'ostrowski-wlodzimierz01', '$2a$10$TnEJ1nRakheHkJaz7ALkKOMe0tVaQUZnYoDEFgc5ftDM7wKppdyqG'); -- qwertyuiop0
INSERT INTO Login(id, username, password) VALUES (5, 'szczepanski-bartumil01', '$2a$10$jjBE50NFFFDh8oRubV55D.8gS3JwG64dga7AK.nSJJ/g9ipdJvHWW'); -- monitorAOC
INSERT INTO Login(id, username, password) VALUES (6, 'zielinski-przemko01', '$2a$10$HEf6TYJ0zAvRJs1TUqL0SOpCJ0Zel8K7/ZKMCP2dnvLTs9A4kcsOa'); -- stonoga100
INSERT INTO Login(id, username, password) VALUES (7, 'pawlowski-gustaw01', '$2a$10$M.VgNCI2EznOROlY9Xq84OHM6mGLoSUTxr.t/Ia252HFwWOMl/Du.'); -- dlugopis5
INSERT INTO Login(id, username, password) VALUES (8, 'kalinowska-adrianna01', '$2a$10$atI0iNKUSEzwL/uFUr2iWuUTnKo9/KhYIQ2l/vaeOu4vgnTG.U9nq'); -- 70000000
INSERT INTO Login(id, username, password) VALUES (9, 'zielinska-michalina01', '$2a$10$UEKgCTuQChVuM5SnEHe5we6zpCraK2jX2HpfD6ZwVCEFBAzfZ3Kjm'); -- XiaomiLepsze
INSERT INTO Login(id, username, password) VALUES (10, 'sokolowska-beata01', '$2a$10$EunbVy9DhRv5D0dZb6B2sOY2RrVfTltE1SaOh036Rci8PUNEqtmc2'); -- superHaslo21
INSERT INTO Employee(id, login_id) VALUES (1, 1);
INSERT INTO Employee(id, login_id) VALUES (2, 2);
INSERT INTO Employee(id, login_id) VALUES (3, 3);
INSERT INTO Employee(id, login_id) VALUES (4, 4);
INSERT INTO Employee(id, login_id) VALUES (5, 5);
INSERT INTO Employee(id, login_id) VALUES (6, 6);
INSERT INTO Employee(id, login_id) VALUES (7, 7);
INSERT INTO Employee(id, login_id) VALUES (8, 8);
INSERT INTO Employee(id, login_id) VALUES (9, 9);
INSERT INTO Employee(id, login_id) VALUES (10, 10);
INSERT INTO Main_Kitchen_Dietitian(id) VALUES (1);
INSERT INTO Patient_Movement(id) VALUES (4);
INSERT INTO Restriction_Status(id, name) VALUES (1, 'Aktualne');
INSERT INTO Restriction_Status(id, name) VALUES (2, 'Nieaktualne');
INSERT INTO Event(id, event_name) VALUES (1, 'Złożenie zamówienia');
INSERT INTO Event(id, event_name) VALUES (2, 'Zaktualizowanie zamówienia');
INSERT INTO Event(id, event_name) VALUES (3, 'Dodanie ograniczenia żywieniowego');
INSERT INTO Event(id, event_name) VALUES (4, 'Zaktualizowanie ograniczenia żywieniowego');
INSERT INTO Event(id, event_name) VALUES (5, 'Przyjęcie pacjenta');
INSERT INTO Event(id, event_name) VALUES (6, 'Wypisanie pacjenta');
INSERT INTO Meal_Type(id, name) VALUES (1, 'Śniadanie');
INSERT INTO Meal_Type(id, name) VALUES (2, 'Obiad');
INSERT INTO Meal_Type(id, name) VALUES (3, 'Kolacja');
INSERT INTO Order_Status(id, name) VALUES (1, 'Złożone');
INSERT INTO Order_Status(id, name) VALUES (2, 'Przyjęte');
INSERT INTO Order_Status(id, name) VALUES (3, 'Zaktualizowane');
INSERT INTO Order_Status(id, name) VALUES (4, 'Zakończone');
INSERT INTO Patient(id, additional_info) VALUES (11, '');
INSERT INTO Patient(id, additional_info) VALUES (12, '');
INSERT INTO Patient(id, additional_info) VALUES (13, '');
INSERT INTO Patient(id, additional_info) VALUES (14, '');
INSERT INTO Patient(id, additional_info) VALUES (15, '');
INSERT INTO Patient(id, additional_info) VALUES (16, '');
INSERT INTO Patient(id, additional_info) VALUES (17, '');
INSERT INTO Patient(id, additional_info) VALUES (18, '');
INSERT INTO Patient(id, additional_info) VALUES (19, '');
INSERT INTO Patient(id, additional_info) VALUES (20, '');
INSERT INTO Patient(id, additional_info) VALUES (21, '');
INSERT INTO Patient(id, additional_info) VALUES (22, '');
INSERT INTO Patient(id, additional_info) VALUES (23, '');
INSERT INTO Patient(id, additional_info) VALUES (24, '');
INSERT INTO Patient(id, additional_info) VALUES (25, '');
INSERT INTO Ward(id, name) VALUES (1, 'Chirurgia');
INSERT INTO Ward(id, name) VALUES (2, 'Chirurgia Naczyń');
INSERT INTO Ward(id, name) VALUES (3, 'Gasteroenterologia');
INSERT INTO Ward(id, name) VALUES (4, 'Ginekologia');
INSERT INTO Ward(id, name) VALUES (5, 'Kardiochirurgia');
INSERT INTO Ward(id, name) VALUES (6, 'Kardiologia');
INSERT INTO Ward(id, name) VALUES (7, 'Laryngologia');
INSERT INTO Ward(id, name) VALUES (8, 'Nefrologia');
INSERT INTO Ward(id, name) VALUES (9, 'Neonatologia');
INSERT INTO Ward(id, name) VALUES (10, 'Neurochirurgia');
INSERT INTO Ward(id, name) VALUES (11, 'Neurologia');
INSERT INTO Ward(id, name) VALUES (12, 'OIT');
INSERT INTO Ward(id, name) VALUES (13, 'Okulistyka');
INSERT INTO Ward(id, name) VALUES (14, 'Onkologia Kliniczna');
INSERT INTO Ward(id, name) VALUES (15, 'Patologia Ciąży');
INSERT INTO Ward(id, name) VALUES (16, 'Położnictwo');
INSERT INTO Ward(id, name) VALUES (17, 'Rehabilitacja');
INSERT INTO Ward(id, name) VALUES (18, 'Stacja Dializ');
INSERT INTO Ward(id, name) VALUES (19, 'Urologia');
INSERT INTO Ward(id, name) VALUES (20, 'Nu-med');
INSERT INTO Diet(id, name) VALUES (1, 'Podstawowa');
INSERT INTO Diet(id, name) VALUES (2, 'Bogato-Resztkowa');
INSERT INTO Diet(id, name) VALUES (3, 'Łatwostrawna');
INSERT INTO Diet(id, name) VALUES (4, 'Łatwostrawna z ograniczeniem tłuszczu');
INSERT INTO Diet(id, name) VALUES (5, 'Łatwostrawa z ograniczeniem substancji pobudzających wydzielanie soku rzołądkowego');
INSERT INTO Diet(id, name) VALUES (6, 'Łatwostrawna o zmienionej konsystencji');
INSERT INTO Diet(id, name) VALUES (7, 'Wysokobiałkowa');
INSERT INTO Diet(id, name) VALUES (8, 'Niskobiałkowa');
INSERT INTO Diet(id, name) VALUES (9, 'Ograniczenie łatwo przyswajalnych węglowodanów');
INSERT INTO Diet(id, name) VALUES (10, 'Indywidualna');
INSERT INTO Diet(id, name) VALUES (11, 'Ścisła');
INSERT INTO Dietitian(id) VALUES (2);
INSERT INTO Dietitian(id) VALUES (3);
INSERT INTO Ward_Nurse(id, ward_id) VALUES (5, 1);
INSERT INTO Ward_Nurse(id, ward_id) VALUES (6, 1);
INSERT INTO Ward_Nurse(id, ward_id) VALUES (7, 2);
INSERT INTO Ward_Nurse(id, ward_id) VALUES (8, 2);
INSERT INTO Ward_Nurse(id, ward_id) VALUES (9, 3);
INSERT INTO Ward_Nurse(id, ward_id) VALUES (10, 4);
INSERT INTO `Order`(id, patient_id, nurse_id, status_id, timestamp) VALUES (1, 11, 5, 4, '2020-08-14 22:46:42');
INSERT INTO `Order`(id, patient_id, nurse_id, status_id, timestamp) VALUES (2, 11, 5, 4, '2020-08-14 22:46:42');
INSERT INTO `Order`(id, patient_id, nurse_id, status_id, timestamp) VALUES (3, 11, 6, 4, '2020-08-14 22:46:42');
INSERT INTO `Order`(id, patient_id, nurse_id, status_id, timestamp) VALUES (4, 12, 6, 4, '2020-08-14 22:46:42');
INSERT INTO `Order`(id, patient_id, nurse_id, status_id, timestamp) VALUES (5, 12, 6, 4, '2020-08-14 22:46:42');
INSERT INTO `Order`(id, patient_id, nurse_id, status_id, timestamp) VALUES (6, 12, 9, 4, '2020-08-14 22:46:42');
INSERT INTO `Order`(id, patient_id, nurse_id, status_id, timestamp) VALUES (7, 13, 5, 4, '2020-08-14 22:46:42');
INSERT INTO `Order`(id, patient_id, nurse_id, status_id, timestamp) VALUES (8, 13, 5, 4, '2020-08-14 22:46:42');
INSERT INTO `Order`(id, patient_id, nurse_id, status_id, timestamp) VALUES (9, 13, 6, 4, '2020-08-14 22:46:42');
INSERT INTO `Order`(id, patient_id, nurse_id, status_id, timestamp) VALUES (10, 13, 6, 4, '2020-08-14 22:46:42');
INSERT INTO `Order`(id, patient_id, nurse_id, status_id, timestamp) VALUES (11, 14, 7, 4, '2020-08-14 22:46:42');
INSERT INTO `Order`(id, patient_id, nurse_id, status_id, timestamp) VALUES (12, 14, 7, 4, '2020-08-14 22:46:42');
INSERT INTO `Order`(id, patient_id, nurse_id, status_id, timestamp) VALUES (13, 14, 5, 4, '2020-08-14 22:46:42');
INSERT INTO `Order`(id, patient_id, nurse_id, status_id, timestamp) VALUES (14, 15, 6, 4, '2020-08-14 22:46:42');
INSERT INTO `Order`(id, patient_id, nurse_id, status_id, timestamp) VALUES (15, 15, 6, 4, '2020-08-14 22:46:42');
INSERT INTO `Order`(id, patient_id, nurse_id, status_id, timestamp) VALUES (16, 16, 6, 4, '2020-08-14 22:46:42');
INSERT INTO `Order`(id, patient_id, nurse_id, status_id, timestamp) VALUES (17, 16, 6, 4, '2020-08-14 22:46:42');
INSERT INTO `Order`(id, patient_id, nurse_id, status_id, timestamp) VALUES (18, 16, 5, 4, '2020-08-14 22:46:42');
INSERT INTO `Order`(id, patient_id, nurse_id, status_id, timestamp) VALUES (19, 17, 7, 4, '2020-08-14 22:46:42');
INSERT INTO `Order`(id, patient_id, nurse_id, status_id, timestamp) VALUES (20, 17, 7, 4, '2020-08-14 22:46:42');
INSERT INTO `Order`(id, patient_id, nurse_id, status_id, timestamp) VALUES (21, 17, 7, 4, '2020-08-14 22:46:42');
INSERT INTO `Order`(id, patient_id, nurse_id, status_id, timestamp) VALUES (22, 17, 5, 4, '2020-08-14 22:46:42');
INSERT INTO `Order`(id, patient_id, nurse_id, status_id, timestamp) VALUES (23, 17, 5, 4, '2020-08-14 22:46:42');
INSERT INTO `Order`(id, patient_id, nurse_id, status_id, timestamp) VALUES (24, 17, 6, 4, '2020-08-14 22:46:42');
INSERT INTO `Order`(id, patient_id, nurse_id, status_id, timestamp) VALUES (25, 17, 8, 4, '2020-08-14 22:46:42');
INSERT INTO `Order`(id, patient_id, nurse_id, status_id, timestamp) VALUES (26, 17, 8, 4, '2020-08-14 22:46:42');
INSERT INTO Patient_Diet(id, start_date, end_date, patient_id, diet_id) VALUES (1, '2018-12-11', null, 11, 1);
INSERT INTO Patient_Diet(id, start_date, end_date, patient_id, diet_id) VALUES (2, '2019-10-03', null, 12, 1);
INSERT INTO Patient_Diet(id, start_date, end_date, patient_id, diet_id) VALUES (3, '2019-08-21', null, 13, 1);
INSERT INTO Patient_Diet(id, start_date, end_date, patient_id, diet_id) VALUES (4, '2019-04-06', null, 14, 3);
INSERT INTO Patient_Diet(id, start_date, end_date, patient_id, diet_id) VALUES (5, '2019-11-13', null, 15, 4);
INSERT INTO Patient_Diet(id, start_date, end_date, patient_id, diet_id) VALUES (6, '2020-01-01', null, 16, 1);
INSERT INTO Patient_Diet(id, start_date, end_date, patient_id, diet_id) VALUES (7, '2019-12-07', '2019-12-09', 17, 3);
INSERT INTO Patient_Diet(id, start_date, end_date, patient_id, diet_id) VALUES (8, '2019-12-09', '2019-12-11', 17, 11);
INSERT INTO Patient_Diet(id, start_date, end_date, patient_id, diet_id) VALUES (9, '2019-12-11', null, 17, 3);
INSERT INTO Patient_Diet(id, start_date, end_date, patient_id, diet_id) VALUES (10, '2020-01-05', null, 18, 1);
INSERT INTO Patient_Diet(id, start_date, end_date, patient_id, diet_id) VALUES (11, '2018-12-09', null, 19, 1);
INSERT INTO Patient_Diet(id, start_date, end_date, patient_id, diet_id) VALUES (12, '2019-07-30', null, 20, 1);
INSERT INTO Patient_Diet(id, start_date, end_date, patient_id, diet_id) VALUES (13, '2020-02-21', null, 21, 1);
INSERT INTO Patient_Diet(id, start_date, end_date, patient_id, diet_id) VALUES (14, '2019-09-07', null, 22, 1);
INSERT INTO Patient_Diet(id, start_date, end_date, patient_id, diet_id) VALUES (15, '2019-04-17', null, 23, 1);
INSERT INTO Patient_Diet(id, start_date, end_date, patient_id, diet_id) VALUES (16, '2019-03-19', null, 24, 1);
INSERT INTO Patient_Diet(id, start_date, end_date, patient_id, diet_id) VALUES (17, '2020-02-11', null, 25, 1);
INSERT INTO Stay(Id, patient_id, admission_date, release_date, archived, ward_id) VALUES (1, 11, '2020-08-13', null, 0, 1);
INSERT INTO Stay(Id, patient_id, admission_date, release_date, archived, ward_id) VALUES (2, 12, '2020-08-12', '2020-08-14', 1, 1);
INSERT INTO Stay(Id, patient_id, admission_date, release_date, archived, ward_id) VALUES (3, 12, '2020-08-14', null, 0, 3);
INSERT INTO Stay(Id, patient_id, admission_date, release_date, archived, ward_id) VALUES (4, 13, '2019-08-21', '2019-09-10', 1, 1);
INSERT INTO Stay(Id, patient_id, admission_date, release_date, archived, ward_id) VALUES (5, 14, '2020-04-06', '2019-04-16', 1, 2);
INSERT INTO Stay(Id, patient_id, admission_date, release_date, archived, ward_id) VALUES (6, 14, '2020-08-14', null, 0, 1);
INSERT INTO Stay(Id, patient_id, admission_date, release_date, archived, ward_id) VALUES (7, 15, '2019-11-13', '2019-11-20', 1, 1);
INSERT INTO Stay(Id, patient_id, admission_date, release_date, archived, ward_id) VALUES (8, 16, '2020-01-01', '2020-01-05', 1, 1);
INSERT INTO Stay(Id, patient_id, admission_date, release_date, archived, ward_id) VALUES (9, 17, '2019-12-07', '2019-12-14', 1, 2);
INSERT INTO Stay(Id, patient_id, admission_date, release_date, archived, ward_id) VALUES (10, 17, '2019-12-14', '2019-12-19', 1, 1);
INSERT INTO Stay(Id, patient_id, admission_date, release_date, archived, ward_id) VALUES (11, 17, '2020-08-13', null, 0, 2);
INSERT INTO Stay(Id, patient_id, admission_date, release_date, archived, ward_id) VALUES (12, 18, '2020-01-05', '2020-01-10', 1, 1);
INSERT INTO Stay(Id, patient_id, admission_date, release_date, archived, ward_id) VALUES (13, 19, '2018-12-09', '2018-12-10', 1, 1);
INSERT INTO Stay(Id, patient_id, admission_date, release_date, archived, ward_id) VALUES (14, 20, '2019-07-30', '2019-08-03', 1, 1);
INSERT INTO Stay(Id, patient_id, admission_date, release_date, archived, ward_id) VALUES (15, 21, '2020-02-21', null, 0, 3);
INSERT INTO Stay(Id, patient_id, admission_date, release_date, archived, ward_id) VALUES (16, 22, '2019-09-07', '2019-09-11', 1, 1);
INSERT INTO Stay(Id, patient_id, admission_date, release_date, archived, ward_id) VALUES (17, 23, '2019-04-17', '2019-04-21', 1, 4);
INSERT INTO Stay(Id, patient_id, admission_date, release_date, archived, ward_id) VALUES (18, 24, '2019-03-19', '2019-02-11', 1, 1);
INSERT INTO Stay(Id, patient_id, admission_date, release_date, archived, ward_id) VALUES (19, 25, '2020-02-11', null, 0, 1);
INSERT INTO Dietary_Restriction(id, restriction, patient_id, dietitian_id, status_id) VALUES (1, 'Pacient nie toleruje laktozy', 13, 2, 1);
INSERT INTO Dietary_Restriction(id, restriction, patient_id, dietitian_id, status_id) VALUES (2, 'Pacjent jest uczulony na ziemniaki', 12, 3, 1);
INSERT INTO Dietary_Restriction(id, restriction, patient_id, dietitian_id, status_id) VALUES (3, 'Pacjentowi należy dostarczyć zwiększoną ilość białka', 12, 3, 1);
INSERT INTO Dietary_Restriction(id, restriction, patient_id, dietitian_id, status_id) VALUES (4, 'Pacjent odmawia jedzenia marchewki', 13, 2, 2);
INSERT INTO Meal(id, additional_info, `option`, `date`, type_id, diet_id) VALUES (1, '', 2, '2020-08-15', 1, 1);
INSERT INTO Meal(id, additional_info, `option`, `date`, type_id, diet_id) VALUES (2, '', 1, '2020-08-15', 2, 1);
INSERT INTO Meal(id, additional_info, `option`, `date`, type_id, diet_id) VALUES (3, '', 1, '2020-08-16', 3, 1);
INSERT INTO Meal(id, additional_info, `option`, `date`, type_id, diet_id) VALUES (4, '', 1, '2020-08-12', 2, 1);
INSERT INTO Meal(id, additional_info, `option`, `date`, type_id, diet_id) VALUES (5, '', 2, '2020-08-16', 2, 1);
INSERT INTO Meal(id, additional_info, `option`, `date`, type_id, diet_id) VALUES (6, '', 1, '2020-08-16', 1, 1);
INSERT INTO Meal(id, additional_info, `option`, `date`, type_id, diet_id) VALUES (7, '', 1, '2020-08-22', 1, 1);
INSERT INTO Meal(id, additional_info, `option`, `date`, type_id, diet_id) VALUES (8, '', 1, '2020-08-23', 2, 1);
INSERT INTO Meal(id, additional_info, `option`, `date`, type_id, diet_id) VALUES (9, '', 1, '2020-08-24', 3, 1);
INSERT INTO Meal(id, additional_info, `option`, `date`, type_id, diet_id) VALUES (10, '', 1, '2020-08-25', 1, 1);
INSERT INTO Meal(id, additional_info, `option`, `date`, type_id, diet_id) VALUES (11, '', 1, '2020-08-16', 1, 3);
INSERT INTO Meal(id, additional_info, `option`, `date`, type_id, diet_id) VALUES (12, '', 1, '2020-08-16', 2, 3);
INSERT INTO Meal(id, additional_info, `option`, `date`, type_id, diet_id) VALUES (13, '', 1, '2020-08-17', 2, 3);
INSERT INTO Meal(id, additional_info, `option`, `date`, type_id, diet_id) VALUES (14, '', 1, '2019-11-14', 1, 4);
INSERT INTO Meal(id, additional_info, `option`, `date`, type_id, diet_id) VALUES (15, '', 1, '2019-11-15', 3, 4);
INSERT INTO Meal(id, additional_info, `option`, `date`, type_id, diet_id) VALUES (16, '', 1, '2020-01-01', 1, 1);
INSERT INTO Meal(id, additional_info, `option`, `date`, type_id, diet_id) VALUES (17, '', 1, '2020-01-03', 2, 11);
INSERT INTO Meal(id, additional_info, `option`, `date`, type_id, diet_id) VALUES (18, '', 1, '2020-01-05', 1, 1);
INSERT INTO Meal(id, additional_info, `option`, `date`, type_id, diet_id) VALUES (19, '', 1, '2019-12-13', 1, 3);
INSERT INTO Meal(id, additional_info, `option`, `date`, type_id, diet_id) VALUES (20, '', 1, '2019-12-13', 2, 3);
INSERT INTO Meal(id, additional_info, `option`, `date`, type_id, diet_id) VALUES (21, '', 1, '2019-12-13', 3, 3);
INSERT INTO Meal(id, additional_info, `option`, `date`, type_id, diet_id) VALUES (22, '', 1, '2019-12-14', 2, 3);
INSERT INTO Meal(id, additional_info, `option`, `date`, type_id, diet_id) VALUES (23, '', 1, '2019-12-16', 1, 11);
INSERT INTO Meal(id, additional_info, `option`, `date`, type_id, diet_id) VALUES (24, '', 1, '2019-12-17', 2, 11);
INSERT INTO Meal(id, additional_info, `option`, `date`, type_id, diet_id) VALUES (25, '', 2, '2020-08-14', 2, 3);
INSERT INTO Meal(id, additional_info, `option`, `date`, type_id, diet_id) VALUES (26, '', 1, '2020-08-15', 3, 3);
